üìÅ –ò–ù–§–û–†–ú–ê–¶–ò–Ø –û –ö–ê–¢–ï–ì–û–†–ò–ò,,,,,
ID –∫–∞—Ç–µ–≥–æ—Ä–∏–∏:,49965905,,,,
–ù–∞–∑–≤–∞–Ω–∏–µ:,–ù–æ–≤—ã–µ –ª–æ—Ä–Ω–µ—Ç—ã,,,,
URL:,/collection/novye-lornety,,,,
–ü—É—Ç—å –≤ –∏–µ—Ä–∞—Ä—Ö–∏–∏:,–ö–æ—Ä–Ω–µ–≤–∞—è –∫–∞—Ç–µ–≥–æ—Ä–∏—è,,,,
,,,,,
–ú–∞—Ä–∫–µ—Ä–Ω—ã–π –∑–∞–ø—Ä–æ—Å:,,,,,
–ê–¥–º–∏–Ω–∫–∞ InSales:,https://myshop-on665.myinsales.ru/admin2/collections/49965905,,,,
,,,,,
,,,,,
,,,,,
üéØ SEO –î–ê–ù–ù–´–ï,,,,,
SEO Title:,–ù–æ–≤—ã–µ –ª–æ—Ä–Ω–µ—Ç—ã,,,,
Meta Description:,,,,,
H1 –∑–∞–≥–æ–ª–æ–≤–æ–∫:,–ù–æ–≤—ã–µ –ª–æ—Ä–Ω–µ—Ç—ã,,,,
–ö–ª—é—á–µ–≤—ã–µ —Å–ª–æ–≤–∞:,,,,,
–û–ø–∏—Å–∞–Ω–∏–µ –∫–∞—Ç–µ–≥–æ—Ä–∏–∏:,,,,,
,,,,,
,,,,,
üìä –°–¢–ê–¢–ò–°–¢–ò–ö–ê –¢–û–í–ê–†–û–í,,,,,
–í—Å–µ–≥–æ —Ç–æ–≤–∞—Ä–æ–≤:,0,,,,
–í –Ω–∞–ª–∏—á–∏–∏:,0,,,,
–ù–µ—Ç –≤ –Ω–∞–ª–∏—á–∏–∏:,0,,,,
–ü—Ä–æ—Ü–µ–Ω—Ç –Ω–∞–ª–∏—á–∏—è:,0,,,,
,,,,,
,,,,,
üõí –¢–ï–ö–£–©–ò–ï –¢–û–í–ê–†–´ –í –ö–ê–¢–ï–ì–û–†–ò–ò,,,,,
–ù–∞–∑–≤–∞–Ω–∏–µ,–ê—Ä—Ç–∏–∫—É–ª,–¶–µ–Ω–∞,–í –Ω–∞–ª–∏—á–∏–∏,ID,‚òëÔ∏è
,,,,,
,,,,,
,,,,,
‚öôÔ∏è –î–û–ü–û–õ–ù–ò–¢–ï–õ–¨–ù–´–ï –ü–û–õ–Ø –ö–ê–¢–ï–ì–û–†–ò–ò,,,,,
,,,,,
,,,,,
,,,,,
,,,,,
üè∑Ô∏è –ü–õ–ò–¢–ö–ê –¢–ï–ì–û–í - –í–ï–†–•–ù–Ø–Ø (–Ω–∞–¥ –æ–ø–∏—Å–∞–Ω–∏–µ–º –∫–∞—Ç–µ–≥–æ—Ä–∏–∏),,,,,
–ò–Ω—Å—Ç—Ä—É–∫—Ü–∏—è:,"–≠—Ç–∞ –ø–ª–∏—Ç–∫–∞ –æ—Ç–æ–±—Ä–∞–∂–∞–µ—Ç—Å—è –ü–ï–†–ï–î –æ–ø–∏—Å–∞–Ω–∏–µ–º –∫–∞—Ç–µ–≥–æ—Ä–∏–∏. –ó–∞–ø–æ–ª–Ω–∏—Ç–µ —Ç–∞–±–ª–∏—Ü—É, —Å–∏—Å—Ç–µ–º–∞ –∞–≤—Ç–æ–º–∞—Ç–∏—á–µ—Å–∫–∏ –∫–æ–Ω–≤–µ—Ä—Ç–∏—Ä—É–µ—Ç –≤ HTML.",,,,
,,,,,
–¢–µ–∫—Å—Ç —Å—Å—ã–ª–∫–∏,URL,–¶–µ–ª–µ–≤–∞—è –∫–∞—Ç–µ–≥–æ—Ä–∏—è,–ü—Ä–∏–º–µ—á–∞–Ω–∏–µ,,
,,,,,
,,,,,
,,,,,
,,,,,
,,,,,
,,,,,
,,,,,
,,,,,
,,,,,
,,,,,
,,,,,
,,,,,
,,,,,
üè∑Ô∏è –ü–õ–ò–¢–ö–ê –¢–ï–ì–û–í - –ù–ò–ñ–ù–Ø–Ø (–ø–æ–¥ –æ–ø–∏—Å–∞–Ω–∏–µ–º –∫–∞—Ç–µ–≥–æ—Ä–∏–∏),,,,,
–ò–Ω—Å—Ç—Ä—É–∫—Ü–∏—è:,–≠—Ç–∞ –ø–ª–∏—Ç–∫–∞ –æ—Ç–æ–±—Ä–∞–∂–∞–µ—Ç—Å—è –ü–û–°–õ–ï –æ–ø–∏—Å–∞–Ω–∏—è –∫–∞—Ç–µ–≥–æ—Ä–∏–∏. –ú–æ–∂–Ω–æ –¥–æ–±–∞–≤–∏—Ç—å –≤—Ä—É—á–Ω—É—é.,,,,
,,,,,
–¢–µ–∫—Å—Ç —Å—Å—ã–ª–∫–∏,URL,–¶–µ–ª–µ–≤–∞—è –∫–∞—Ç–µ–≥–æ—Ä–∏—è,–ü—Ä–∏–º–µ—á–∞–Ω–∏–µ,,